branch_id,branch_name,location
1,Main Branch 1,City 70, State 2
2,Downtown Branch 2,City 29, State 18
3,Suburban Branch 3,City 97, State 23
4,Main Branch 4,City 68, State 40
5,Downtown Branch 5,City 61, State 9
6,Online Branch 6,City 27, State 22
7,Online Branch 7,City 17, State 49
8,International Branch 8,City 42, State 17
9,Downtown Branch 9,City 72, State 28
10,Downtown Branch 10,City 12, State 19
11,Online Branch 11,City 70, State 18
12,Main Branch 12,City 20, State 19
13,Main Branch 13,City 43, State 18
14,Online Branch 14,City 95, State 19
15,International Branch 15,City 75, State 33
16,International Branch 16,City 71, State 38
17,Online Branch 17,City 63, State 44
18,Suburban Branch 18,City 90, State 16
19,Main Branch 19,City 48, State 9
20,Downtown Branch 20,City 28, State 7
21,International Branch 21,City 3, State 9
22,Online Branch 22,City 100, State 31
23,Online Branch 23,City 6, State 11
24,Online Branch 24,City 44, State 27
25,International Branch 25,City 70, State 36
26,Suburban Branch 26,City 30, State 1
27,Online Branch 27,City 69, State 34
28,Main Branch 28,City 83, State 40
29,International Branch 29,City 99, State 37
30,Main Branch 30,City 68, State 28
31,Main Branch 31,City 93, State 2
32,Suburban Branch 32,City 72, State 7
33,Downtown Branch 33,City 34, State 29
34,Online Branch 34,City 40, State 47
35,Downtown Branch 35,City 54, State 38
36,Online Branch 36,City 68, State 14
37,Suburban Branch 37,City 34, State 8
38,Downtown Branch 38,City 92, State 14
39,Online Branch 39,City 84, State 38
40,International Branch 40,City 30, State 19
41,International Branch 41,City 99, State 14
42,Online Branch 42,City 44, State 12
43,Online Branch 43,City 47, State 42
44,Downtown Branch 44,City 33, State 2
45,Suburban Branch 45,City 10, State 26
46,Online Branch 46,City 34, State 24
47,Online Branch 47,City 47, State 4
48,Suburban Branch 48,City 97, State 15
49,Downtown Branch 49,City 44, State 24
50,Suburban Branch 50,City 2, State 3
51,Main Branch 51,City 60, State 34
52,Suburban Branch 52,City 68, State 37
53,Suburban Branch 53,City 88, State 50
54,Online Branch 54,City 43, State 5
55,Main Branch 55,City 20, State 39
56,Downtown Branch 56,City 59, State 39
57,Suburban Branch 57,City 45, State 16
58,International Branch 58,City 97, State 1
59,Main Branch 59,City 42, State 26
60,International Branch 60,City 97, State 33
61,Suburban Branch 61,City 25, State 43
62,Downtown Branch 62,City 63, State 17
63,Main Branch 63,City 100, State 34
64,Main Branch 64,City 55, State 20
65,Online Branch 65,City 19, State 17
66,Online Branch 66,City 32, State 36
67,Suburban Branch 67,City 21, State 19
68,International Branch 68,City 11, State 42
69,International Branch 69,City 16, State 50
70,Main Branch 70,City 57, State 42
71,International Branch 71,City 69, State 34
72,Downtown Branch 72,City 9, State 4
73,Online Branch 73,City 29, State 34
74,Suburban Branch 74,City 57, State 44
75,Online Branch 75,City 86, State 28
76,International Branch 76,City 8, State 16
77,Online Branch 77,City 5, State 45
78,Suburban Branch 78,City 92, State 32
79,Main Branch 79,City 43, State 2
80,Online Branch 80,City 67, State 29
81,Downtown Branch 81,City 4, State 21
82,Online Branch 82,City 91, State 43
83,Main Branch 83,City 20, State 23
84,Suburban Branch 84,City 69, State 21
85,Downtown Branch 85,City 83, State 50
86,International Branch 86,City 97, State 15
87,Online Branch 87,City 31, State 47
88,Downtown Branch 88,City 11, State 39
89,Main Branch 89,City 15, State 23
90,International Branch 90,City 44, State 23
91,International Branch 91,City 50, State 18
92,Main Branch 92,City 16, State 33
93,Downtown Branch 93,City 88, State 38
94,Downtown Branch 94,City 79, State 9
95,Online Branch 95,City 57, State 3
96,Downtown Branch 96,City 67, State 26
97,Online Branch 97,City 69, State 22
98,International Branch 98,City 63, State 41
99,Downtown Branch 99,City 58, State 8
100,International Branch 100,City 24, State 12
101,Main Branch 101,City 24, State 23
102,Downtown Branch 102,City 18, State 45
103,International Branch 103,City 24, State 40
104,International Branch 104,City 5, State 38
105,Main Branch 105,City 17, State 28
106,International Branch 106,City 24, State 16
107,Online Branch 107,City 57, State 6
108,Main Branch 108,City 61, State 30
109,Online Branch 109,City 16, State 5
110,Main Branch 110,City 21, State 41
111,Online Branch 111,City 45, State 40
112,Online Branch 112,City 31, State 18
113,Downtown Branch 113,City 51, State 24
114,Downtown Branch 114,City 44, State 40
115,Downtown Branch 115,City 61, State 28
116,Downtown Branch 116,City 89, State 7
117,Downtown Branch 117,City 65, State 21
118,Online Branch 118,City 85, State 18
119,Main Branch 119,City 21, State 42
120,Suburban Branch 120,City 25, State 37
121,Downtown Branch 121,City 26, State 44
122,International Branch 122,City 6, State 22
123,Online Branch 123,City 25, State 46
124,Main Branch 124,City 73, State 22
125,Online Branch 125,City 69, State 36
126,Downtown Branch 126,City 8, State 31
127,Downtown Branch 127,City 66, State 47
128,International Branch 128,City 31, State 25
129,Suburban Branch 129,City 17, State 47
130,International Branch 130,City 85, State 41
131,Online Branch 131,City 29, State 14
132,Online Branch 132,City 79, State 14
133,Downtown Branch 133,City 88, State 6
134,Downtown Branch 134,City 99, State 20
135,Suburban Branch 135,City 24, State 5
136,Online Branch 136,City 56, State 4
137,Suburban Branch 137,City 48, State 35
138,International Branch 138,City 28, State 46
139,Downtown Branch 139,City 66, State 9
140,International Branch 140,City 6, State 23
141,Main Branch 141,City 47, State 44
142,International Branch 142,City 53, State 1
143,Main Branch 143,City 87, State 50
144,Main Branch 144,City 78, State 37
145,Suburban Branch 145,City 2, State 41
146,International Branch 146,City 9, State 23
147,Main Branch 147,City 53, State 38
148,International Branch 148,City 78, State 17
149,International Branch 149,City 6, State 44
150,Online Branch 150,City 34, State 41
151,Main Branch 151,City 34, State 14
152,Main Branch 152,City 13, State 8
153,Main Branch 153,City 89, State 12
154,International Branch 154,City 27, State 32
155,Main Branch 155,City 59, State 49
156,International Branch 156,City 18, State 22
157,Online Branch 157,City 17, State 29
158,International Branch 158,City 94, State 21
159,International Branch 159,City 73, State 13
160,Downtown Branch 160,City 96, State 1
161,International Branch 161,City 30, State 7
162,Downtown Branch 162,City 46, State 30
163,Main Branch 163,City 38, State 50
164,Suburban Branch 164,City 4, State 30
165,Downtown Branch 165,City 69, State 19
166,Suburban Branch 166,City 80, State 46
167,Main Branch 167,City 2, State 36
168,Suburban Branch 168,City 99, State 12
169,Suburban Branch 169,City 44, State 50
170,Online Branch 170,City 50, State 35
171,Downtown Branch 171,City 61, State 37
172,Suburban Branch 172,City 77, State 49
173,Main Branch 173,City 26, State 17
174,Suburban Branch 174,City 32, State 35
175,International Branch 175,City 26, State 47
176,International Branch 176,City 80, State 6
177,Downtown Branch 177,City 77, State 32
178,Online Branch 178,City 91, State 41
179,International Branch 179,City 6, State 11
180,Suburban Branch 180,City 55, State 1
181,Main Branch 181,City 67, State 49
182,Online Branch 182,City 10, State 33
183,International Branch 183,City 4, State 42
184,Suburban Branch 184,City 42, State 13
185,Online Branch 185,City 97, State 35
186,Main Branch 186,City 72, State 31
187,Downtown Branch 187,City 32, State 45
188,Suburban Branch 188,City 74, State 49
189,Online Branch 189,City 2, State 35
190,Suburban Branch 190,City 5, State 14
191,Suburban Branch 191,City 46, State 5
192,Main Branch 192,City 18, State 49
193,Main Branch 193,City 69, State 26
194,Suburban Branch 194,City 52, State 1
195,Downtown Branch 195,City 57, State 20
196,International Branch 196,City 64, State 37
197,Main Branch 197,City 91, State 2
198,Downtown Branch 198,City 86, State 21
199,International Branch 199,City 10, State 31
200,Online Branch 200,City 78, State 48
201,Online Branch 201,City 12, State 29
202,Downtown Branch 202,City 45, State 41
203,Downtown Branch 203,City 8, State 18
204,Downtown Branch 204,City 10, State 34
205,Downtown Branch 205,City 36, State 45
206,Suburban Branch 206,City 10, State 22
207,Online Branch 207,City 53, State 16
208,Suburban Branch 208,City 85, State 31
209,Downtown Branch 209,City 66, State 5
210,Downtown Branch 210,City 62, State 12
211,Suburban Branch 211,City 39, State 26
212,Main Branch 212,City 41, State 21
213,Main Branch 213,City 13, State 2
214,Main Branch 214,City 76, State 1
215,International Branch 215,City 4, State 40
216,Downtown Branch 216,City 85, State 45
217,Suburban Branch 217,City 4, State 11
218,Downtown Branch 218,City 93, State 25
219,Suburban Branch 219,City 80, State 11
220,Main Branch 220,City 37, State 13
221,Main Branch 221,City 61, State 15
222,Online Branch 222,City 69, State 34
223,Online Branch 223,City 70, State 50
224,Main Branch 224,City 64, State 22
225,Online Branch 225,City 53, State 36
226,Online Branch 226,City 46, State 27
227,Suburban Branch 227,City 67, State 13
228,Suburban Branch 228,City 6, State 23
229,Main Branch 229,City 10, State 18
230,Downtown Branch 230,City 99, State 48
231,Downtown Branch 231,City 87, State 44
232,Main Branch 232,City 61, State 41
233,Main Branch 233,City 45, State 3
234,Suburban Branch 234,City 34, State 6
235,Main Branch 235,City 12, State 30
236,Downtown Branch 236,City 95, State 22
237,Suburban Branch 237,City 27, State 2
238,International Branch 238,City 91, State 40
239,Suburban Branch 239,City 5, State 50
240,Downtown Branch 240,City 53, State 47
241,International Branch 241,City 32, State 6
242,Suburban Branch 242,City 57, State 3
243,Main Branch 243,City 4, State 11
244,International Branch 244,City 50, State 9
245,Suburban Branch 245,City 95, State 47
246,Downtown Branch 246,City 76, State 50
247,Downtown Branch 247,City 85, State 19
248,Suburban Branch 248,City 14, State 6
249,Online Branch 249,City 46, State 4
250,Online Branch 250,City 1, State 28
251,Suburban Branch 251,City 28, State 43
252,Downtown Branch 252,City 24, State 17
253,Online Branch 253,City 26, State 9
254,Downtown Branch 254,City 6, State 11
255,Suburban Branch 255,City 57, State 50
256,Suburban Branch 256,City 64, State 47
257,International Branch 257,City 34, State 4
258,International Branch 258,City 86, State 50
259,International Branch 259,City 34, State 13
260,Online Branch 260,City 74, State 28
261,Main Branch 261,City 6, State 24
262,Suburban Branch 262,City 80, State 50
263,Main Branch 263,City 78, State 39
264,Main Branch 264,City 79, State 39
265,Main Branch 265,City 86, State 7
266,Online Branch 266,City 76, State 29
267,International Branch 267,City 18, State 10
268,Suburban Branch 268,City 46, State 25
269,Main Branch 269,City 77, State 4
270,Downtown Branch 270,City 52, State 30
271,Online Branch 271,City 2, State 10
272,Main Branch 272,City 35, State 8
273,Suburban Branch 273,City 56, State 27
274,International Branch 274,City 25, State 8
275,Online Branch 275,City 85, State 43
276,Downtown Branch 276,City 4, State 13
277,Main Branch 277,City 84, State 18
278,Downtown Branch 278,City 61, State 18
279,Downtown Branch 279,City 97, State 9
280,Downtown Branch 280,City 41, State 39
281,Online Branch 281,City 30, State 36
282,Main Branch 282,City 25, State 6
283,Online Branch 283,City 78, State 17
284,Suburban Branch 284,City 34, State 2
285,Suburban Branch 285,City 68, State 15
286,Suburban Branch 286,City 61, State 45
287,Downtown Branch 287,City 99, State 10
288,International Branch 288,City 84, State 46
289,Main Branch 289,City 69, State 37
290,Suburban Branch 290,City 32, State 10
291,Main Branch 291,City 92, State 32
292,Downtown Branch 292,City 9, State 29
293,Suburban Branch 293,City 14, State 20
294,Online Branch 294,City 21, State 41
295,Online Branch 295,City 39, State 14
296,Online Branch 296,City 90, State 8
297,International Branch 297,City 20, State 47
298,Suburban Branch 298,City 72, State 28
299,Downtown Branch 299,City 1, State 3
300,Downtown Branch 300,City 10, State 45
301,International Branch 301,City 63, State 16
302,Suburban Branch 302,City 15, State 13
303,Online Branch 303,City 23, State 44
304,Downtown Branch 304,City 64, State 46
305,Downtown Branch 305,City 76, State 27
306,Main Branch 306,City 53, State 18
307,Main Branch 307,City 91, State 20
308,Main Branch 308,City 6, State 47
309,Suburban Branch 309,City 44, State 47
310,International Branch 310,City 33, State 34
311,Main Branch 311,City 45, State 35
312,Main Branch 312,City 86, State 13
313,International Branch 313,City 32, State 11
314,Main Branch 314,City 8, State 2
315,Main Branch 315,City 56, State 43
316,Suburban Branch 316,City 91, State 33
317,Main Branch 317,City 21, State 44
318,Online Branch 318,City 16, State 28
319,Suburban Branch 319,City 39, State 26
320,Downtown Branch 320,City 1, State 3
321,Suburban Branch 321,City 61, State 7
322,Downtown Branch 322,City 49, State 14
323,International Branch 323,City 76, State 29
324,Main Branch 324,City 86, State 22
325,International Branch 325,City 72, State 10
326,International Branch 326,City 43, State 50
327,International Branch 327,City 41, State 36
328,Suburban Branch 328,City 68, State 31
329,Suburban Branch 329,City 90, State 45
330,Suburban Branch 330,City 90, State 28
331,International Branch 331,City 76, State 15
332,Online Branch 332,City 19, State 40
333,Suburban Branch 333,City 14, State 28
334,Downtown Branch 334,City 89, State 30
335,Main Branch 335,City 93, State 20
336,International Branch 336,City 24, State 5
337,Main Branch 337,City 32, State 4
338,Downtown Branch 338,City 26, State 49
339,Online Branch 339,City 88, State 10
340,International Branch 340,City 85, State 3
341,Suburban Branch 341,City 50, State 45
342,International Branch 342,City 35, State 19
343,International Branch 343,City 65, State 8
344,Main Branch 344,City 8, State 46
345,Suburban Branch 345,City 20, State 42
346,Downtown Branch 346,City 43, State 44
347,Online Branch 347,City 5, State 3
348,International Branch 348,City 56, State 42
349,Main Branch 349,City 32, State 37
350,Downtown Branch 350,City 36, State 37
351,International Branch 351,City 82, State 23
352,Suburban Branch 352,City 86, State 8
353,Suburban Branch 353,City 51, State 16
354,Suburban Branch 354,City 4, State 30
355,Main Branch 355,City 98, State 16
356,Suburban Branch 356,City 49, State 31
357,Suburban Branch 357,City 10, State 41
358,Main Branch 358,City 36, State 11
359,Suburban Branch 359,City 77, State 6
360,Downtown Branch 360,City 85, State 16
361,Downtown Branch 361,City 96, State 20
362,Online Branch 362,City 57, State 20
363,Suburban Branch 363,City 74, State 26
364,Online Branch 364,City 26, State 8
365,Online Branch 365,City 72, State 50
366,International Branch 366,City 10, State 46
367,Online Branch 367,City 36, State 43
368,Suburban Branch 368,City 86, State 33
369,Suburban Branch 369,City 39, State 13
370,Suburban Branch 370,City 31, State 22
371,International Branch 371,City 2, State 27
372,International Branch 372,City 92, State 9
373,International Branch 373,City 44, State 32
374,Online Branch 374,City 39, State 7
375,Main Branch 375,City 20, State 9
376,Online Branch 376,City 100, State 44
377,International Branch 377,City 32, State 5
378,International Branch 378,City 5, State 36
379,Online Branch 379,City 41, State 39
380,International Branch 380,City 71, State 8
381,Online Branch 381,City 56, State 40
382,Downtown Branch 382,City 33, State 26
383,International Branch 383,City 11, State 4
384,Downtown Branch 384,City 53, State 10
385,Main Branch 385,City 18, State 5
386,International Branch 386,City 38, State 38
387,International Branch 387,City 39, State 48
388,Downtown Branch 388,City 50, State 22
389,Main Branch 389,City 58, State 25
390,Main Branch 390,City 54, State 29
391,Main Branch 391,City 58, State 45
392,Downtown Branch 392,City 7, State 39
393,International Branch 393,City 63, State 45
394,Online Branch 394,City 13, State 40
395,Suburban Branch 395,City 20, State 13
396,Downtown Branch 396,City 82, State 27
397,Online Branch 397,City 54, State 11
398,International Branch 398,City 7, State 2
399,Suburban Branch 399,City 27, State 43
400,Downtown Branch 400,City 16, State 15
401,Online Branch 401,City 69, State 35
402,Suburban Branch 402,City 5, State 2
403,Online Branch 403,City 84, State 19
404,Suburban Branch 404,City 87, State 25
405,Online Branch 405,City 80, State 36
406,Suburban Branch 406,City 61, State 13
407,Downtown Branch 407,City 31, State 46
408,Main Branch 408,City 98, State 21
409,Suburban Branch 409,City 61, State 21
410,Downtown Branch 410,City 59, State 12
411,Main Branch 411,City 13, State 41
412,International Branch 412,City 26, State 32
413,International Branch 413,City 83, State 25
414,Downtown Branch 414,City 96, State 26
415,Suburban Branch 415,City 7, State 40
416,International Branch 416,City 16, State 16
417,Main Branch 417,City 42, State 43
418,International Branch 418,City 31, State 22
419,Online Branch 419,City 61, State 11
420,Downtown Branch 420,City 14, State 42
421,Downtown Branch 421,City 90, State 1
422,Downtown Branch 422,City 19, State 22
423,International Branch 423,City 9, State 39
424,Suburban Branch 424,City 16, State 12
425,Main Branch 425,City 38, State 40
426,International Branch 426,City 43, State 40
427,Downtown Branch 427,City 7, State 11
428,Downtown Branch 428,City 47, State 9
429,Downtown Branch 429,City 92, State 36
430,Downtown Branch 430,City 66, State 50
431,International Branch 431,City 47, State 28
432,Online Branch 432,City 60, State 24
433,Downtown Branch 433,City 66, State 50
434,Main Branch 434,City 47, State 21
435,Suburban Branch 435,City 90, State 38
436,International Branch 436,City 54, State 31
437,International Branch 437,City 23, State 36
438,Online Branch 438,City 57, State 17
439,Online Branch 439,City 85, State 21
440,Suburban Branch 440,City 10, State 37
441,Downtown Branch 441,City 21, State 29
442,International Branch 442,City 64, State 46
443,Main Branch 443,City 19, State 50
444,Downtown Branch 444,City 45, State 25
445,Downtown Branch 445,City 99, State 8
446,International Branch 446,City 51, State 16
447,International Branch 447,City 78, State 12
448,Main Branch 448,City 52, State 11
449,Downtown Branch 449,City 12, State 49
450,Suburban Branch 450,City 30, State 22
451,Downtown Branch 451,City 46, State 25
452,Main Branch 452,City 16, State 12
453,Online Branch 453,City 39, State 17
454,Online Branch 454,City 60, State 20
455,Online Branch 455,City 6, State 13
456,Main Branch 456,City 29, State 2
457,International Branch 457,City 9, State 40
458,Main Branch 458,City 27, State 15
459,Suburban Branch 459,City 16, State 46
460,Main Branch 460,City 93, State 50
461,International Branch 461,City 2, State 37
462,International Branch 462,City 64, State 45
463,International Branch 463,City 48, State 13
464,International Branch 464,City 51, State 23
465,Downtown Branch 465,City 19, State 3
466,Suburban Branch 466,City 34, State 17
467,Online Branch 467,City 8, State 40
468,Online Branch 468,City 14, State 22
469,Suburban Branch 469,City 22, State 46
470,Online Branch 470,City 87, State 40
471,Main Branch 471,City 47, State 29
472,Downtown Branch 472,City 64, State 23
473,International Branch 473,City 63, State 15
474,International Branch 474,City 25, State 5
475,Online Branch 475,City 81, State 32
476,Main Branch 476,City 2, State 15
477,International Branch 477,City 38, State 50
478,Suburban Branch 478,City 51, State 46
479,International Branch 479,City 20, State 13
480,Main Branch 480,City 21, State 45
481,Downtown Branch 481,City 51, State 27
482,International Branch 482,City 92, State 16
483,Online Branch 483,City 76, State 50
484,Downtown Branch 484,City 88, State 47
485,International Branch 485,City 58, State 29
486,Downtown Branch 486,City 62, State 42
487,Suburban Branch 487,City 69, State 29
488,Downtown Branch 488,City 30, State 29
489,Main Branch 489,City 13, State 10
490,Suburban Branch 490,City 40, State 9
491,Suburban Branch 491,City 17, State 17
492,Main Branch 492,City 37, State 2
493,Downtown Branch 493,City 71, State 6
494,International Branch 494,City 66, State 42
495,Suburban Branch 495,City 93, State 36
496,International Branch 496,City 25, State 27
497,Suburban Branch 497,City 16, State 28
498,International Branch 498,City 37, State 37
499,Suburban Branch 499,City 22, State 39
500,Suburban Branch 500,City 34, State 40
501,Main Branch 501,City 87, State 4
502,Suburban Branch 502,City 39, State 50
503,Online Branch 503,City 25, State 7
504,Suburban Branch 504,City 7, State 8
505,Suburban Branch 505,City 8, State 32
506,International Branch 506,City 65, State 25
507,Main Branch 507,City 61, State 34
508,Suburban Branch 508,City 23, State 22
509,International Branch 509,City 6, State 22
510,Main Branch 510,City 77, State 5
511,Online Branch 511,City 12, State 46
512,Suburban Branch 512,City 11, State 2
513,Main Branch 513,City 96, State 1
514,International Branch 514,City 24, State 28
515,Main Branch 515,City 5, State 32
516,Online Branch 516,City 75, State 27
517,Suburban Branch 517,City 85, State 28
518,International Branch 518,City 24, State 36
519,International Branch 519,City 41, State 4
520,Main Branch 520,City 27, State 5
521,Suburban Branch 521,City 94, State 16
522,Main Branch 522,City 42, State 14
523,Online Branch 523,City 76, State 27
524,Suburban Branch 524,City 74, State 1
525,Suburban Branch 525,City 65, State 46
526,Downtown Branch 526,City 66, State 18
527,International Branch 527,City 7, State 16
528,Suburban Branch 528,City 81, State 11
529,Suburban Branch 529,City 100, State 19
530,Downtown Branch 530,City 37, State 47
531,Downtown Branch 531,City 9, State 9
532,International Branch 532,City 66, State 31
533,International Branch 533,City 55, State 44
534,Main Branch 534,City 81, State 7
535,Suburban Branch 535,City 55, State 49
536,Suburban Branch 536,City 44, State 44
537,Main Branch 537,City 91, State 42
538,Main Branch 538,City 9, State 20
539,Online Branch 539,City 57, State 30
540,Main Branch 540,City 35, State 24
541,Online Branch 541,City 60, State 48
542,International Branch 542,City 19, State 36
543,International Branch 543,City 31, State 20
544,Suburban Branch 544,City 69, State 14
545,Suburban Branch 545,City 86, State 24
546,International Branch 546,City 38, State 37
547,Main Branch 547,City 88, State 8
548,International Branch 548,City 36, State 3
549,International Branch 549,City 61, State 37
550,International Branch 550,City 1, State 50
551,Main Branch 551,City 23, State 32
552,Suburban Branch 552,City 52, State 5
553,International Branch 553,City 23, State 4
554,International Branch 554,City 51, State 16
555,Online Branch 555,City 48, State 28
556,Online Branch 556,City 36, State 44
557,International Branch 557,City 10, State 4
558,Online Branch 558,City 62, State 50
559,Downtown Branch 559,City 90, State 7
560,Suburban Branch 560,City 48, State 30
561,Main Branch 561,City 71, State 48
562,Suburban Branch 562,City 57, State 3
563,International Branch 563,City 28, State 32
564,Main Branch 564,City 18, State 30
565,Suburban Branch 565,City 46, State 6
566,Online Branch 566,City 61, State 26
567,Downtown Branch 567,City 84, State 5
568,Online Branch 568,City 11, State 38
569,International Branch 569,City 24, State 49
570,Suburban Branch 570,City 33, State 10
571,International Branch 571,City 36, State 6
572,Downtown Branch 572,City 75, State 19
573,Main Branch 573,City 8, State 50
574,International Branch 574,City 91, State 22
575,Downtown Branch 575,City 44, State 8
576,Downtown Branch 576,City 68, State 14
577,International Branch 577,City 2, State 47
578,Online Branch 578,City 64, State 49
579,Downtown Branch 579,City 62, State 34
580,Online Branch 580,City 43, State 40
581,Downtown Branch 581,City 61, State 24
582,Downtown Branch 582,City 43, State 9
583,Downtown Branch 583,City 90, State 48
584,Online Branch 584,City 80, State 27
585,Main Branch 585,City 56, State 43
586,Suburban Branch 586,City 12, State 25
587,Suburban Branch 587,City 61, State 15
588,Downtown Branch 588,City 40, State 38
589,Main Branch 589,City 52, State 17
590,Suburban Branch 590,City 32, State 10
591,Downtown Branch 591,City 49, State 39
592,Online Branch 592,City 70, State 5
593,Suburban Branch 593,City 82, State 35
594,Online Branch 594,City 90, State 31
595,Downtown Branch 595,City 38, State 4
596,Suburban Branch 596,City 95, State 36
597,International Branch 597,City 63, State 8
598,Online Branch 598,City 67, State 33
599,Online Branch 599,City 65, State 34
600,Downtown Branch 600,City 100, State 27
601,Online Branch 601,City 76, State 21
602,Downtown Branch 602,City 24, State 45
603,International Branch 603,City 23, State 1
604,Downtown Branch 604,City 45, State 20
605,Online Branch 605,City 46, State 33
606,Suburban Branch 606,City 87, State 38
607,Suburban Branch 607,City 84, State 49
608,Online Branch 608,City 8, State 42
609,Suburban Branch 609,City 71, State 47
610,Suburban Branch 610,City 11, State 42
611,Downtown Branch 611,City 57, State 13
612,Downtown Branch 612,City 8, State 8
613,International Branch 613,City 67, State 1
614,Downtown Branch 614,City 24, State 24
615,Suburban Branch 615,City 31, State 50
616,Main Branch 616,City 24, State 43
617,International Branch 617,City 49, State 4
618,Downtown Branch 618,City 40, State 9
619,Main Branch 619,City 8, State 24
620,Main Branch 620,City 37, State 3
621,International Branch 621,City 85, State 28
622,Online Branch 622,City 14, State 23
623,International Branch 623,City 93, State 25
624,Downtown Branch 624,City 31, State 36
625,Downtown Branch 625,City 72, State 30
626,Suburban Branch 626,City 20, State 25
627,Suburban Branch 627,City 13, State 29
628,Online Branch 628,City 96, State 32
629,International Branch 629,City 24, State 36
630,Main Branch 630,City 75, State 45
631,Online Branch 631,City 13, State 3
632,Online Branch 632,City 18, State 46
633,Suburban Branch 633,City 95, State 50
634,International Branch 634,City 18, State 39
635,Downtown Branch 635,City 4, State 29
636,Suburban Branch 636,City 11, State 30
637,International Branch 637,City 30, State 40
638,Downtown Branch 638,City 61, State 49
639,Main Branch 639,City 55, State 2
640,International Branch 640,City 93, State 32
641,Online Branch 641,City 77, State 18
642,Online Branch 642,City 62, State 33
643,Suburban Branch 643,City 43, State 45
644,Main Branch 644,City 32, State 6
645,Main Branch 645,City 50, State 25
646,Downtown Branch 646,City 70, State 11
647,Downtown Branch 647,City 94, State 4
648,International Branch 648,City 20, State 34
649,Downtown Branch 649,City 79, State 21
650,Online Branch 650,City 44, State 2
651,Downtown Branch 651,City 59, State 44
652,Downtown Branch 652,City 79, State 24
653,Downtown Branch 653,City 3, State 36
654,Online Branch 654,City 54, State 41
655,Downtown Branch 655,City 45, State 3
656,Main Branch 656,City 39, State 7
657,Online Branch 657,City 5, State 16
658,Main Branch 658,City 78, State 43
659,International Branch 659,City 40, State 10
660,Online Branch 660,City 62, State 28
661,Main Branch 661,City 8, State 42
662,Suburban Branch 662,City 86, State 50
663,Suburban Branch 663,City 29, State 15
664,Downtown Branch 664,City 82, State 13
665,International Branch 665,City 23, State 26
666,Suburban Branch 666,City 24, State 5
667,Downtown Branch 667,City 84, State 43
668,Main Branch 668,City 69, State 19
669,Suburban Branch 669,City 47, State 49
670,International Branch 670,City 23, State 8
671,Suburban Branch 671,City 44, State 9
672,International Branch 672,City 19, State 3
673,Downtown Branch 673,City 72, State 36
674,Suburban Branch 674,City 82, State 31
675,Main Branch 675,City 86, State 28
676,Downtown Branch 676,City 10, State 29
677,Online Branch 677,City 61, State 50
678,Downtown Branch 678,City 64, State 36
679,Suburban Branch 679,City 26, State 43
680,Online Branch 680,City 75, State 2
681,Downtown Branch 681,City 6, State 39
682,Suburban Branch 682,City 55, State 21
683,Suburban Branch 683,City 36, State 23
684,Online Branch 684,City 86, State 37
685,Online Branch 685,City 72, State 19
686,Downtown Branch 686,City 74, State 20
687,Suburban Branch 687,City 19, State 23
688,Downtown Branch 688,City 73, State 17
689,Downtown Branch 689,City 50, State 50
690,Main Branch 690,City 68, State 17
691,Suburban Branch 691,City 44, State 5
692,International Branch 692,City 79, State 31
693,Downtown Branch 693,City 62, State 44
694,Main Branch 694,City 18, State 42
695,Suburban Branch 695,City 53, State 22
696,Suburban Branch 696,City 20, State 48
697,Downtown Branch 697,City 46, State 34
698,Suburban Branch 698,City 50, State 45
699,Online Branch 699,City 52, State 48
700,International Branch 700,City 33, State 32
701,Suburban Branch 701,City 47, State 20
702,Online Branch 702,City 67, State 9
703,International Branch 703,City 96, State 49
704,Downtown Branch 704,City 49, State 39
705,Downtown Branch 705,City 2, State 16
706,Main Branch 706,City 38, State 30
707,International Branch 707,City 88, State 29
708,International Branch 708,City 70, State 29
709,Main Branch 709,City 70, State 12
710,Suburban Branch 710,City 61, State 27
711,Suburban Branch 711,City 17, State 22
712,Suburban Branch 712,City 51, State 47
713,International Branch 713,City 41, State 34
714,Downtown Branch 714,City 26, State 14
715,Suburban Branch 715,City 69, State 36
716,Downtown Branch 716,City 3, State 35
717,Main Branch 717,City 25, State 23
718,International Branch 718,City 84, State 24
719,Main Branch 719,City 5, State 2
720,Online Branch 720,City 39, State 28
721,Online Branch 721,City 98, State 19
722,International Branch 722,City 8, State 38
723,International Branch 723,City 15, State 15
724,International Branch 724,City 5, State 44
725,International Branch 725,City 80, State 48
726,Main Branch 726,City 12, State 16
727,International Branch 727,City 9, State 11
728,Online Branch 728,City 92, State 47
729,International Branch 729,City 44, State 3
730,Suburban Branch 730,City 55, State 39
731,Suburban Branch 731,City 79, State 6
732,Online Branch 732,City 9, State 31
733,Online Branch 733,City 85, State 19
734,Suburban Branch 734,City 67, State 41
735,Main Branch 735,City 31, State 48
736,Suburban Branch 736,City 36, State 12
737,Suburban Branch 737,City 84, State 1
738,Online Branch 738,City 84, State 25
739,Main Branch 739,City 40, State 50
740,Online Branch 740,City 77, State 1
741,Downtown Branch 741,City 55, State 28
742,International Branch 742,City 87, State 9
743,Online Branch 743,City 60, State 16
744,Suburban Branch 744,City 86, State 40
745,Downtown Branch 745,City 64, State 19
746,Main Branch 746,City 4, State 3
747,Suburban Branch 747,City 8, State 1
748,International Branch 748,City 85, State 27
749,International Branch 749,City 42, State 21
750,Downtown Branch 750,City 66, State 39
751,International Branch 751,City 35, State 1
752,Online Branch 752,City 43, State 28
753,International Branch 753,City 34, State 21
754,Suburban Branch 754,City 43, State 28
755,International Branch 755,City 71, State 28
756,International Branch 756,City 79, State 45
757,Online Branch 757,City 96, State 8
758,Downtown Branch 758,City 36, State 18
759,Online Branch 759,City 44, State 42
760,Online Branch 760,City 78, State 9
761,Main Branch 761,City 4, State 1
762,Main Branch 762,City 51, State 49
763,Downtown Branch 763,City 65, State 21
764,Suburban Branch 764,City 84, State 31
765,Suburban Branch 765,City 76, State 3
766,Online Branch 766,City 93, State 31
767,Downtown Branch 767,City 16, State 49
768,Suburban Branch 768,City 68, State 37
769,International Branch 769,City 96, State 5
770,International Branch 770,City 76, State 42
771,Suburban Branch 771,City 18, State 34
772,Suburban Branch 772,City 90, State 30
773,International Branch 773,City 18, State 33
774,Suburban Branch 774,City 77, State 47
775,Downtown Branch 775,City 62, State 4
776,Suburban Branch 776,City 69, State 23
777,Main Branch 777,City 99, State 25
778,Main Branch 778,City 79, State 15
779,Downtown Branch 779,City 12, State 10
780,Suburban Branch 780,City 68, State 20
781,Downtown Branch 781,City 83, State 30
782,International Branch 782,City 67, State 38
783,Online Branch 783,City 42, State 1
784,Main Branch 784,City 37, State 32
785,Downtown Branch 785,City 53, State 38
786,International Branch 786,City 87, State 35
787,Main Branch 787,City 91, State 7
788,Suburban Branch 788,City 50, State 33
789,Downtown Branch 789,City 47, State 29
790,Main Branch 790,City 39, State 9
791,Online Branch 791,City 74, State 50
792,Suburban Branch 792,City 21, State 48
793,International Branch 793,City 94, State 26
794,Suburban Branch 794,City 83, State 15
795,Downtown Branch 795,City 46, State 35
796,Suburban Branch 796,City 95, State 33
797,Main Branch 797,City 5, State 13
798,International Branch 798,City 68, State 14
799,International Branch 799,City 92, State 22
800,Suburban Branch 800,City 93, State 2
801,Main Branch 801,City 69, State 20
802,Downtown Branch 802,City 87, State 47
803,Main Branch 803,City 87, State 4
804,Downtown Branch 804,City 17, State 16
805,Suburban Branch 805,City 61, State 9
806,Downtown Branch 806,City 63, State 33
807,International Branch 807,City 93, State 6
808,Main Branch 808,City 27, State 16
809,Main Branch 809,City 27, State 38
810,International Branch 810,City 11, State 10
811,International Branch 811,City 86, State 47
812,Downtown Branch 812,City 5, State 34
813,Downtown Branch 813,City 8, State 5
814,Online Branch 814,City 46, State 25
815,Downtown Branch 815,City 6, State 17
816,Suburban Branch 816,City 63, State 46
817,International Branch 817,City 60, State 3
818,Main Branch 818,City 24, State 44
819,Main Branch 819,City 50, State 32
820,Downtown Branch 820,City 60, State 19
821,International Branch 821,City 97, State 45
822,Suburban Branch 822,City 75, State 21
823,Downtown Branch 823,City 41, State 49
824,International Branch 824,City 58, State 28
825,Main Branch 825,City 75, State 32
826,Main Branch 826,City 11, State 16
827,Main Branch 827,City 42, State 8
828,Main Branch 828,City 24, State 8
829,Main Branch 829,City 13, State 15
830,Online Branch 830,City 24, State 15
831,Online Branch 831,City 47, State 30
832,International Branch 832,City 98, State 49
833,Online Branch 833,City 48, State 27
834,International Branch 834,City 84, State 35
835,Online Branch 835,City 33, State 20
836,Main Branch 836,City 66, State 36
837,International Branch 837,City 73, State 32
838,Downtown Branch 838,City 97, State 17
839,Downtown Branch 839,City 70, State 20
840,Downtown Branch 840,City 10, State 36
841,Downtown Branch 841,City 16, State 24
842,Downtown Branch 842,City 93, State 3
843,Online Branch 843,City 28, State 44
844,International Branch 844,City 39, State 50
845,Suburban Branch 845,City 16, State 27
846,Online Branch 846,City 53, State 49
847,International Branch 847,City 51, State 49
848,Online Branch 848,City 59, State 46
849,Downtown Branch 849,City 30, State 24
850,International Branch 850,City 77, State 37
851,Online Branch 851,City 99, State 43
852,Main Branch 852,City 87, State 31
853,Main Branch 853,City 31, State 30
854,Online Branch 854,City 13, State 47
855,International Branch 855,City 83, State 40
856,Suburban Branch 856,City 89, State 28
857,International Branch 857,City 86, State 3
858,Downtown Branch 858,City 70, State 28
859,Suburban Branch 859,City 90, State 30
860,Main Branch 860,City 13, State 27
861,Online Branch 861,City 62, State 37
862,Main Branch 862,City 100, State 28
863,Online Branch 863,City 56, State 47
864,Suburban Branch 864,City 4, State 35
865,Downtown Branch 865,City 32, State 45
866,Suburban Branch 866,City 8, State 22
867,International Branch 867,City 82, State 13
868,Suburban Branch 868,City 70, State 7
869,Online Branch 869,City 70, State 31
870,International Branch 870,City 23, State 14
871,Downtown Branch 871,City 68, State 45
872,International Branch 872,City 68, State 25
873,Main Branch 873,City 29, State 34
874,International Branch 874,City 73, State 12
875,Online Branch 875,City 44, State 47
876,Downtown Branch 876,City 22, State 1
877,International Branch 877,City 57, State 43
878,Downtown Branch 878,City 91, State 41
879,Suburban Branch 879,City 4, State 16
880,Main Branch 880,City 66, State 47
881,Online Branch 881,City 47, State 12
882,Suburban Branch 882,City 71, State 15
883,International Branch 883,City 95, State 18
884,Main Branch 884,City 39, State 44
885,Suburban Branch 885,City 15, State 5
886,International Branch 886,City 26, State 50
887,Downtown Branch 887,City 4, State 44
888,Downtown Branch 888,City 42, State 10
889,Online Branch 889,City 28, State 25
890,International Branch 890,City 25, State 35
891,Main Branch 891,City 85, State 45
892,Online Branch 892,City 65, State 30
893,Online Branch 893,City 97, State 30
894,International Branch 894,City 58, State 6
895,Online Branch 895,City 4, State 33
896,Suburban Branch 896,City 3, State 8
897,Online Branch 897,City 14, State 8
898,International Branch 898,City 71, State 33
899,Online Branch 899,City 69, State 10
900,Main Branch 900,City 36, State 27
901,Main Branch 901,City 68, State 38
902,Suburban Branch 902,City 40, State 48
903,Main Branch 903,City 96, State 4
904,Online Branch 904,City 6, State 37
905,Downtown Branch 905,City 70, State 45
906,Main Branch 906,City 14, State 17
907,Suburban Branch 907,City 68, State 30
908,Online Branch 908,City 26, State 39
909,Online Branch 909,City 9, State 31
910,Downtown Branch 910,City 8, State 25
911,Online Branch 911,City 94, State 48
912,Downtown Branch 912,City 36, State 39
913,International Branch 913,City 56, State 44
914,Online Branch 914,City 85, State 36
915,Downtown Branch 915,City 23, State 17
916,Downtown Branch 916,City 2, State 3
917,International Branch 917,City 25, State 17
918,International Branch 918,City 52, State 20
919,Main Branch 919,City 66, State 24
920,Suburban Branch 920,City 16, State 48
921,Suburban Branch 921,City 36, State 3
922,Online Branch 922,City 67, State 49
923,Main Branch 923,City 90, State 49
924,Main Branch 924,City 53, State 39
925,Suburban Branch 925,City 94, State 9
926,Online Branch 926,City 25, State 28
927,Online Branch 927,City 31, State 47
928,Main Branch 928,City 83, State 4
929,Online Branch 929,City 33, State 35
930,International Branch 930,City 96, State 37
931,Suburban Branch 931,City 54, State 31
932,International Branch 932,City 64, State 15
933,Main Branch 933,City 51, State 39
934,International Branch 934,City 54, State 42
935,Suburban Branch 935,City 42, State 16
936,International Branch 936,City 20, State 13
937,Downtown Branch 937,City 36, State 25
938,Downtown Branch 938,City 80, State 4
939,Downtown Branch 939,City 82, State 29
940,Main Branch 940,City 16, State 35
941,Downtown Branch 941,City 54, State 17
942,Online Branch 942,City 95, State 36
943,Suburban Branch 943,City 28, State 2
944,Suburban Branch 944,City 61, State 18
945,Downtown Branch 945,City 40, State 48
946,Suburban Branch 946,City 48, State 10
947,Downtown Branch 947,City 4, State 8
948,Online Branch 948,City 10, State 12
949,Suburban Branch 949,City 39, State 12
950,Suburban Branch 950,City 45, State 6
951,International Branch 951,City 23, State 19
952,Online Branch 952,City 84, State 37
953,Downtown Branch 953,City 90, State 6
954,Downtown Branch 954,City 45, State 38
955,Main Branch 955,City 87, State 50
956,Main Branch 956,City 72, State 45
957,Suburban Branch 957,City 77, State 20
958,Downtown Branch 958,City 45, State 1
959,Downtown Branch 959,City 56, State 28
960,Downtown Branch 960,City 80, State 3
961,International Branch 961,City 69, State 43
962,Main Branch 962,City 87, State 37
963,International Branch 963,City 5, State 46
964,Main Branch 964,City 23, State 40
965,Online Branch 965,City 98, State 13
966,Online Branch 966,City 24, State 49
967,Main Branch 967,City 89, State 1
968,Suburban Branch 968,City 2, State 15
969,Suburban Branch 969,City 58, State 41
970,Online Branch 970,City 52, State 40
971,International Branch 971,City 17, State 15
972,International Branch 972,City 95, State 20
973,Online Branch 973,City 30, State 18
974,Suburban Branch 974,City 2, State 37
975,Downtown Branch 975,City 67, State 12
976,Downtown Branch 976,City 40, State 45
977,Downtown Branch 977,City 7, State 19
978,Online Branch 978,City 39, State 7
979,Main Branch 979,City 16, State 9
980,Main Branch 980,City 94, State 44
981,Online Branch 981,City 48, State 36
982,Online Branch 982,City 3, State 29
983,Suburban Branch 983,City 32, State 4
984,Downtown Branch 984,City 74, State 17
985,Main Branch 985,City 63, State 32
986,International Branch 986,City 79, State 39
987,Downtown Branch 987,City 39, State 45
988,Main Branch 988,City 50, State 49
989,Suburban Branch 989,City 90, State 31
990,Suburban Branch 990,City 30, State 22
991,Suburban Branch 991,City 84, State 17
992,International Branch 992,City 17, State 17
993,Online Branch 993,City 75, State 36
994,Suburban Branch 994,City 30, State 6
995,Online Branch 995,City 50, State 35
996,Online Branch 996,City 55, State 34
997,Suburban Branch 997,City 7, State 39
998,Main Branch 998,City 46, State 27
999,Downtown Branch 999,City 66, State 48
1000,Main Branch 1000,City 27, State 37
