product_id,prod_name,description
1,Debit Card 1,Description for Debit Card 1
2,Credit Card 2,Description for Credit Card 2
3,Debit Card 3,Description for Debit Card 3
4,Mortgage 4,Description for Mortgage 4
5,Mortgage 5,Description for Mortgage 5
6,Credit Card 6,Description for Credit Card 6
7,Credit Card 7,Description for Credit Card 7
8,Mortgage 8,Description for Mortgage 8
9,Credit Card 9,Description for Credit Card 9
10,Credit Card 10,Description for Credit Card 10
11,Debit Card 11,Description for Debit Card 11
12,Mortgage 12,Description for Mortgage 12
13,Credit Card 13,Description for Credit Card 13
14,Personal Loan 14,Description for Personal Loan 14
15,Auto Loan 15,Description for Auto Loan 15
16,Auto Loan 16,Description for Auto Loan 16
17,Debit Card 17,Description for Debit Card 17
18,Auto Loan 18,Description for Auto Loan 18
19,Auto Loan 19,Description for Auto Loan 19
20,Mortgage 20,Description for Mortgage 20
21,Personal Loan 21,Description for Personal Loan 21
22,Debit Card 22,Description for Debit Card 22
23,Debit Card 23,Description for Debit Card 23
24,Debit Card 24,Description for Debit Card 24
25,Debit Card 25,Description for Debit Card 25
26,Personal Loan 26,Description for Personal Loan 26
27,Mortgage 27,Description for Mortgage 27
28,Mortgage 28,Description for Mortgage 28
29,Credit Card 29,Description for Credit Card 29
30,Personal Loan 30,Description for Personal Loan 30
31,Debit Card 31,Description for Debit Card 31
32,Credit Card 32,Description for Credit Card 32
33,Credit Card 33,Description for Credit Card 33
34,Mortgage 34,Description for Mortgage 34
35,Credit Card 35,Description for Credit Card 35
36,Auto Loan 36,Description for Auto Loan 36
37,Credit Card 37,Description for Credit Card 37
38,Auto Loan 38,Description for Auto Loan 38
39,Credit Card 39,Description for Credit Card 39
40,Personal Loan 40,Description for Personal Loan 40
41,Personal Loan 41,Description for Personal Loan 41
42,Mortgage 42,Description for Mortgage 42
43,Personal Loan 43,Description for Personal Loan 43
44,Personal Loan 44,Description for Personal Loan 44
45,Mortgage 45,Description for Mortgage 45
46,Auto Loan 46,Description for Auto Loan 46
47,Debit Card 47,Description for Debit Card 47
48,Auto Loan 48,Description for Auto Loan 48
49,Credit Card 49,Description for Credit Card 49
50,Personal Loan 50,Description for Personal Loan 50
51,Auto Loan 51,Description for Auto Loan 51
52,Credit Card 52,Description for Credit Card 52
53,Debit Card 53,Description for Debit Card 53
54,Credit Card 54,Description for Credit Card 54
55,Debit Card 55,Description for Debit Card 55
56,Debit Card 56,Description for Debit Card 56
57,Debit Card 57,Description for Debit Card 57
58,Credit Card 58,Description for Credit Card 58
59,Personal Loan 59,Description for Personal Loan 59
60,Debit Card 60,Description for Debit Card 60
61,Debit Card 61,Description for Debit Card 61
62,Mortgage 62,Description for Mortgage 62
63,Auto Loan 63,Description for Auto Loan 63
64,Auto Loan 64,Description for Auto Loan 64
65,Mortgage 65,Description for Mortgage 65
66,Mortgage 66,Description for Mortgage 66
67,Personal Loan 67,Description for Personal Loan 67
68,Auto Loan 68,Description for Auto Loan 68
69,Personal Loan 69,Description for Personal Loan 69
70,Mortgage 70,Description for Mortgage 70
71,Personal Loan 71,Description for Personal Loan 71
72,Personal Loan 72,Description for Personal Loan 72
73,Mortgage 73,Description for Mortgage 73
74,Debit Card 74,Description for Debit Card 74
75,Debit Card 75,Description for Debit Card 75
76,Auto Loan 76,Description for Auto Loan 76
77,Personal Loan 77,Description for Personal Loan 77
78,Auto Loan 78,Description for Auto Loan 78
79,Credit Card 79,Description for Credit Card 79
80,Auto Loan 80,Description for Auto Loan 80
81,Credit Card 81,Description for Credit Card 81
82,Auto Loan 82,Description for Auto Loan 82
83,Mortgage 83,Description for Mortgage 83
84,Auto Loan 84,Description for Auto Loan 84
85,Personal Loan 85,Description for Personal Loan 85
86,Auto Loan 86,Description for Auto Loan 86
87,Personal Loan 87,Description for Personal Loan 87
88,Personal Loan 88,Description for Personal Loan 88
89,Mortgage 89,Description for Mortgage 89
90,Personal Loan 90,Description for Personal Loan 90
91,Mortgage 91,Description for Mortgage 91
92,Debit Card 92,Description for Debit Card 92
93,Debit Card 93,Description for Debit Card 93
94,Debit Card 94,Description for Debit Card 94
95,Credit Card 95,Description for Credit Card 95
96,Credit Card 96,Description for Credit Card 96
97,Personal Loan 97,Description for Personal Loan 97
98,Credit Card 98,Description for Credit Card 98
99,Debit Card 99,Description for Debit Card 99
100,Personal Loan 100,Description for Personal Loan 100
101,Auto Loan 101,Description for Auto Loan 101
102,Auto Loan 102,Description for Auto Loan 102
103,Debit Card 103,Description for Debit Card 103
104,Auto Loan 104,Description for Auto Loan 104
105,Auto Loan 105,Description for Auto Loan 105
106,Auto Loan 106,Description for Auto Loan 106
107,Debit Card 107,Description for Debit Card 107
108,Credit Card 108,Description for Credit Card 108
109,Mortgage 109,Description for Mortgage 109
110,Debit Card 110,Description for Debit Card 110
111,Debit Card 111,Description for Debit Card 111
112,Debit Card 112,Description for Debit Card 112
113,Debit Card 113,Description for Debit Card 113
114,Auto Loan 114,Description for Auto Loan 114
115,Mortgage 115,Description for Mortgage 115
116,Auto Loan 116,Description for Auto Loan 116
117,Auto Loan 117,Description for Auto Loan 117
118,Auto Loan 118,Description for Auto Loan 118
119,Mortgage 119,Description for Mortgage 119
120,Credit Card 120,Description for Credit Card 120
121,Personal Loan 121,Description for Personal Loan 121
122,Auto Loan 122,Description for Auto Loan 122
123,Mortgage 123,Description for Mortgage 123
124,Auto Loan 124,Description for Auto Loan 124
125,Personal Loan 125,Description for Personal Loan 125
126,Mortgage 126,Description for Mortgage 126
127,Auto Loan 127,Description for Auto Loan 127
128,Auto Loan 128,Description for Auto Loan 128
129,Auto Loan 129,Description for Auto Loan 129
130,Debit Card 130,Description for Debit Card 130
131,Credit Card 131,Description for Credit Card 131
132,Debit Card 132,Description for Debit Card 132
133,Mortgage 133,Description for Mortgage 133
134,Credit Card 134,Description for Credit Card 134
135,Personal Loan 135,Description for Personal Loan 135
136,Debit Card 136,Description for Debit Card 136
137,Mortgage 137,Description for Mortgage 137
138,Personal Loan 138,Description for Personal Loan 138
139,Auto Loan 139,Description for Auto Loan 139
140,Mortgage 140,Description for Mortgage 140
141,Personal Loan 141,Description for Personal Loan 141
142,Personal Loan 142,Description for Personal Loan 142
143,Mortgage 143,Description for Mortgage 143
144,Debit Card 144,Description for Debit Card 144
145,Auto Loan 145,Description for Auto Loan 145
146,Debit Card 146,Description for Debit Card 146
147,Auto Loan 147,Description for Auto Loan 147
148,Personal Loan 148,Description for Personal Loan 148
149,Auto Loan 149,Description for Auto Loan 149
150,Auto Loan 150,Description for Auto Loan 150
151,Personal Loan 151,Description for Personal Loan 151
152,Mortgage 152,Description for Mortgage 152
153,Debit Card 153,Description for Debit Card 153
154,Debit Card 154,Description for Debit Card 154
155,Auto Loan 155,Description for Auto Loan 155
156,Auto Loan 156,Description for Auto Loan 156
157,Personal Loan 157,Description for Personal Loan 157
158,Debit Card 158,Description for Debit Card 158
159,Personal Loan 159,Description for Personal Loan 159
160,Personal Loan 160,Description for Personal Loan 160
161,Debit Card 161,Description for Debit Card 161
162,Mortgage 162,Description for Mortgage 162
163,Debit Card 163,Description for Debit Card 163
164,Debit Card 164,Description for Debit Card 164
165,Credit Card 165,Description for Credit Card 165
166,Auto Loan 166,Description for Auto Loan 166
167,Auto Loan 167,Description for Auto Loan 167
168,Auto Loan 168,Description for Auto Loan 168
169,Debit Card 169,Description for Debit Card 169
170,Auto Loan 170,Description for Auto Loan 170
171,Auto Loan 171,Description for Auto Loan 171
172,Mortgage 172,Description for Mortgage 172
173,Auto Loan 173,Description for Auto Loan 173
174,Mortgage 174,Description for Mortgage 174
175,Debit Card 175,Description for Debit Card 175
176,Mortgage 176,Description for Mortgage 176
177,Auto Loan 177,Description for Auto Loan 177
178,Personal Loan 178,Description for Personal Loan 178
179,Auto Loan 179,Description for Auto Loan 179
180,Credit Card 180,Description for Credit Card 180
181,Debit Card 181,Description for Debit Card 181
182,Credit Card 182,Description for Credit Card 182
183,Auto Loan 183,Description for Auto Loan 183
184,Mortgage 184,Description for Mortgage 184
185,Personal Loan 185,Description for Personal Loan 185
186,Personal Loan 186,Description for Personal Loan 186
187,Personal Loan 187,Description for Personal Loan 187
188,Personal Loan 188,Description for Personal Loan 188
189,Credit Card 189,Description for Credit Card 189
190,Mortgage 190,Description for Mortgage 190
191,Personal Loan 191,Description for Personal Loan 191
192,Credit Card 192,Description for Credit Card 192
193,Personal Loan 193,Description for Personal Loan 193
194,Mortgage 194,Description for Mortgage 194
195,Mortgage 195,Description for Mortgage 195
196,Auto Loan 196,Description for Auto Loan 196
197,Debit Card 197,Description for Debit Card 197
198,Mortgage 198,Description for Mortgage 198
199,Credit Card 199,Description for Credit Card 199
200,Credit Card 200,Description for Credit Card 200
201,Auto Loan 201,Description for Auto Loan 201
202,Mortgage 202,Description for Mortgage 202
203,Auto Loan 203,Description for Auto Loan 203
204,Auto Loan 204,Description for Auto Loan 204
205,Debit Card 205,Description for Debit Card 205
206,Debit Card 206,Description for Debit Card 206
207,Credit Card 207,Description for Credit Card 207
208,Auto Loan 208,Description for Auto Loan 208
209,Debit Card 209,Description for Debit Card 209
210,Personal Loan 210,Description for Personal Loan 210
211,Auto Loan 211,Description for Auto Loan 211
212,Mortgage 212,Description for Mortgage 212
213,Personal Loan 213,Description for Personal Loan 213
214,Auto Loan 214,Description for Auto Loan 214
215,Debit Card 215,Description for Debit Card 215
216,Mortgage 216,Description for Mortgage 216
217,Mortgage 217,Description for Mortgage 217
218,Mortgage 218,Description for Mortgage 218
219,Credit Card 219,Description for Credit Card 219
220,Auto Loan 220,Description for Auto Loan 220
221,Credit Card 221,Description for Credit Card 221
222,Personal Loan 222,Description for Personal Loan 222
223,Auto Loan 223,Description for Auto Loan 223
224,Personal Loan 224,Description for Personal Loan 224
225,Auto Loan 225,Description for Auto Loan 225
226,Credit Card 226,Description for Credit Card 226
227,Credit Card 227,Description for Credit Card 227
228,Credit Card 228,Description for Credit Card 228
229,Mortgage 229,Description for Mortgage 229
230,Debit Card 230,Description for Debit Card 230
231,Credit Card 231,Description for Credit Card 231
232,Personal Loan 232,Description for Personal Loan 232
233,Credit Card 233,Description for Credit Card 233
234,Credit Card 234,Description for Credit Card 234
235,Credit Card 235,Description for Credit Card 235
236,Mortgage 236,Description for Mortgage 236
237,Debit Card 237,Description for Debit Card 237
238,Credit Card 238,Description for Credit Card 238
239,Mortgage 239,Description for Mortgage 239
240,Mortgage 240,Description for Mortgage 240
241,Personal Loan 241,Description for Personal Loan 241
242,Auto Loan 242,Description for Auto Loan 242
243,Personal Loan 243,Description for Personal Loan 243
244,Personal Loan 244,Description for Personal Loan 244
245,Debit Card 245,Description for Debit Card 245
246,Debit Card 246,Description for Debit Card 246
247,Mortgage 247,Description for Mortgage 247
248,Mortgage 248,Description for Mortgage 248
249,Mortgage 249,Description for Mortgage 249
250,Personal Loan 250,Description for Personal Loan 250
251,Debit Card 251,Description for Debit Card 251
252,Mortgage 252,Description for Mortgage 252
253,Debit Card 253,Description for Debit Card 253
254,Debit Card 254,Description for Debit Card 254
255,Mortgage 255,Description for Mortgage 255
256,Mortgage 256,Description for Mortgage 256
257,Auto Loan 257,Description for Auto Loan 257
258,Debit Card 258,Description for Debit Card 258
259,Mortgage 259,Description for Mortgage 259
260,Mortgage 260,Description for Mortgage 260
261,Debit Card 261,Description for Debit Card 261
262,Debit Card 262,Description for Debit Card 262
263,Credit Card 263,Description for Credit Card 263
264,Mortgage 264,Description for Mortgage 264
265,Mortgage 265,Description for Mortgage 265
266,Mortgage 266,Description for Mortgage 266
267,Debit Card 267,Description for Debit Card 267
268,Personal Loan 268,Description for Personal Loan 268
269,Personal Loan 269,Description for Personal Loan 269
270,Personal Loan 270,Description for Personal Loan 270
271,Personal Loan 271,Description for Personal Loan 271
272,Credit Card 272,Description for Credit Card 272
273,Credit Card 273,Description for Credit Card 273
274,Mortgage 274,Description for Mortgage 274
275,Debit Card 275,Description for Debit Card 275
276,Credit Card 276,Description for Credit Card 276
277,Personal Loan 277,Description for Personal Loan 277
278,Debit Card 278,Description for Debit Card 278
279,Debit Card 279,Description for Debit Card 279
280,Debit Card 280,Description for Debit Card 280
281,Auto Loan 281,Description for Auto Loan 281
282,Personal Loan 282,Description for Personal Loan 282
283,Debit Card 283,Description for Debit Card 283
284,Auto Loan 284,Description for Auto Loan 284
285,Auto Loan 285,Description for Auto Loan 285
286,Credit Card 286,Description for Credit Card 286
287,Auto Loan 287,Description for Auto Loan 287
288,Debit Card 288,Description for Debit Card 288
289,Credit Card 289,Description for Credit Card 289
290,Debit Card 290,Description for Debit Card 290
291,Auto Loan 291,Description for Auto Loan 291
292,Personal Loan 292,Description for Personal Loan 292
293,Debit Card 293,Description for Debit Card 293
294,Auto Loan 294,Description for Auto Loan 294
295,Credit Card 295,Description for Credit Card 295
296,Mortgage 296,Description for Mortgage 296
297,Credit Card 297,Description for Credit Card 297
298,Mortgage 298,Description for Mortgage 298
299,Auto Loan 299,Description for Auto Loan 299
300,Debit Card 300,Description for Debit Card 300
301,Debit Card 301,Description for Debit Card 301
302,Auto Loan 302,Description for Auto Loan 302
303,Personal Loan 303,Description for Personal Loan 303
304,Mortgage 304,Description for Mortgage 304
305,Debit Card 305,Description for Debit Card 305
306,Personal Loan 306,Description for Personal Loan 306
307,Debit Card 307,Description for Debit Card 307
308,Debit Card 308,Description for Debit Card 308
309,Auto Loan 309,Description for Auto Loan 309
310,Debit Card 310,Description for Debit Card 310
311,Personal Loan 311,Description for Personal Loan 311
312,Personal Loan 312,Description for Personal Loan 312
313,Credit Card 313,Description for Credit Card 313
314,Mortgage 314,Description for Mortgage 314
315,Credit Card 315,Description for Credit Card 315
316,Personal Loan 316,Description for Personal Loan 316
317,Mortgage 317,Description for Mortgage 317
318,Auto Loan 318,Description for Auto Loan 318
319,Auto Loan 319,Description for Auto Loan 319
320,Debit Card 320,Description for Debit Card 320
321,Mortgage 321,Description for Mortgage 321
322,Auto Loan 322,Description for Auto Loan 322
323,Debit Card 323,Description for Debit Card 323
324,Personal Loan 324,Description for Personal Loan 324
325,Personal Loan 325,Description for Personal Loan 325
326,Mortgage 326,Description for Mortgage 326
327,Credit Card 327,Description for Credit Card 327
328,Personal Loan 328,Description for Personal Loan 328
329,Auto Loan 329,Description for Auto Loan 329
330,Auto Loan 330,Description for Auto Loan 330
331,Mortgage 331,Description for Mortgage 331
332,Credit Card 332,Description for Credit Card 332
333,Mortgage 333,Description for Mortgage 333
334,Personal Loan 334,Description for Personal Loan 334
335,Credit Card 335,Description for Credit Card 335
336,Debit Card 336,Description for Debit Card 336
337,Auto Loan 337,Description for Auto Loan 337
338,Auto Loan 338,Description for Auto Loan 338
339,Personal Loan 339,Description for Personal Loan 339
340,Mortgage 340,Description for Mortgage 340
341,Credit Card 341,Description for Credit Card 341
342,Auto Loan 342,Description for Auto Loan 342
343,Auto Loan 343,Description for Auto Loan 343
344,Debit Card 344,Description for Debit Card 344
345,Debit Card 345,Description for Debit Card 345
346,Auto Loan 346,Description for Auto Loan 346
347,Auto Loan 347,Description for Auto Loan 347
348,Credit Card 348,Description for Credit Card 348
349,Mortgage 349,Description for Mortgage 349
350,Mortgage 350,Description for Mortgage 350
351,Personal Loan 351,Description for Personal Loan 351
352,Debit Card 352,Description for Debit Card 352
353,Auto Loan 353,Description for Auto Loan 353
354,Debit Card 354,Description for Debit Card 354
355,Mortgage 355,Description for Mortgage 355
356,Credit Card 356,Description for Credit Card 356
357,Auto Loan 357,Description for Auto Loan 357
358,Mortgage 358,Description for Mortgage 358
359,Auto Loan 359,Description for Auto Loan 359
360,Auto Loan 360,Description for Auto Loan 360
361,Auto Loan 361,Description for Auto Loan 361
362,Auto Loan 362,Description for Auto Loan 362
363,Auto Loan 363,Description for Auto Loan 363
364,Auto Loan 364,Description for Auto Loan 364
365,Personal Loan 365,Description for Personal Loan 365
366,Mortgage 366,Description for Mortgage 366
367,Personal Loan 367,Description for Personal Loan 367
368,Mortgage 368,Description for Mortgage 368
369,Credit Card 369,Description for Credit Card 369
370,Credit Card 370,Description for Credit Card 370
371,Mortgage 371,Description for Mortgage 371
372,Mortgage 372,Description for Mortgage 372
373,Personal Loan 373,Description for Personal Loan 373
374,Debit Card 374,Description for Debit Card 374
375,Credit Card 375,Description for Credit Card 375
376,Debit Card 376,Description for Debit Card 376
377,Credit Card 377,Description for Credit Card 377
378,Mortgage 378,Description for Mortgage 378
379,Credit Card 379,Description for Credit Card 379
380,Credit Card 380,Description for Credit Card 380
381,Mortgage 381,Description for Mortgage 381
382,Auto Loan 382,Description for Auto Loan 382
383,Credit Card 383,Description for Credit Card 383
384,Auto Loan 384,Description for Auto Loan 384
385,Auto Loan 385,Description for Auto Loan 385
386,Debit Card 386,Description for Debit Card 386
387,Personal Loan 387,Description for Personal Loan 387
388,Credit Card 388,Description for Credit Card 388
389,Debit Card 389,Description for Debit Card 389
390,Auto Loan 390,Description for Auto Loan 390
391,Mortgage 391,Description for Mortgage 391
392,Debit Card 392,Description for Debit Card 392
393,Credit Card 393,Description for Credit Card 393
394,Mortgage 394,Description for Mortgage 394
395,Debit Card 395,Description for Debit Card 395
396,Auto Loan 396,Description for Auto Loan 396
397,Mortgage 397,Description for Mortgage 397
398,Debit Card 398,Description for Debit Card 398
399,Auto Loan 399,Description for Auto Loan 399
400,Personal Loan 400,Description for Personal Loan 400
401,Auto Loan 401,Description for Auto Loan 401
402,Personal Loan 402,Description for Personal Loan 402
403,Personal Loan 403,Description for Personal Loan 403
404,Auto Loan 404,Description for Auto Loan 404
405,Auto Loan 405,Description for Auto Loan 405
406,Personal Loan 406,Description for Personal Loan 406
407,Credit Card 407,Description for Credit Card 407
408,Mortgage 408,Description for Mortgage 408
409,Credit Card 409,Description for Credit Card 409
410,Debit Card 410,Description for Debit Card 410
411,Mortgage 411,Description for Mortgage 411
412,Credit Card 412,Description for Credit Card 412
413,Personal Loan 413,Description for Personal Loan 413
414,Credit Card 414,Description for Credit Card 414
415,Debit Card 415,Description for Debit Card 415
416,Auto Loan 416,Description for Auto Loan 416
417,Credit Card 417,Description for Credit Card 417
418,Mortgage 418,Description for Mortgage 418
419,Debit Card 419,Description for Debit Card 419
420,Personal Loan 420,Description for Personal Loan 420
421,Debit Card 421,Description for Debit Card 421
422,Debit Card 422,Description for Debit Card 422
423,Mortgage 423,Description for Mortgage 423
424,Auto Loan 424,Description for Auto Loan 424
425,Personal Loan 425,Description for Personal Loan 425
426,Auto Loan 426,Description for Auto Loan 426
427,Personal Loan 427,Description for Personal Loan 427
428,Mortgage 428,Description for Mortgage 428
429,Personal Loan 429,Description for Personal Loan 429
430,Auto Loan 430,Description for Auto Loan 430
431,Personal Loan 431,Description for Personal Loan 431
432,Credit Card 432,Description for Credit Card 432
433,Mortgage 433,Description for Mortgage 433
434,Credit Card 434,Description for Credit Card 434
435,Mortgage 435,Description for Mortgage 435
436,Debit Card 436,Description for Debit Card 436
437,Debit Card 437,Description for Debit Card 437
438,Debit Card 438,Description for Debit Card 438
439,Debit Card 439,Description for Debit Card 439
440,Personal Loan 440,Description for Personal Loan 440
441,Credit Card 441,Description for Credit Card 441
442,Debit Card 442,Description for Debit Card 442
443,Auto Loan 443,Description for Auto Loan 443
444,Personal Loan 444,Description for Personal Loan 444
445,Auto Loan 445,Description for Auto Loan 445
446,Mortgage 446,Description for Mortgage 446
447,Credit Card 447,Description for Credit Card 447
448,Personal Loan 448,Description for Personal Loan 448
449,Mortgage 449,Description for Mortgage 449
450,Credit Card 450,Description for Credit Card 450
451,Mortgage 451,Description for Mortgage 451
452,Debit Card 452,Description for Debit Card 452
453,Mortgage 453,Description for Mortgage 453
454,Mortgage 454,Description for Mortgage 454
455,Mortgage 455,Description for Mortgage 455
456,Personal Loan 456,Description for Personal Loan 456
457,Personal Loan 457,Description for Personal Loan 457
458,Credit Card 458,Description for Credit Card 458
459,Debit Card 459,Description for Debit Card 459
460,Personal Loan 460,Description for Personal Loan 460
461,Auto Loan 461,Description for Auto Loan 461
462,Auto Loan 462,Description for Auto Loan 462
463,Mortgage 463,Description for Mortgage 463
464,Mortgage 464,Description for Mortgage 464
465,Auto Loan 465,Description for Auto Loan 465
466,Auto Loan 466,Description for Auto Loan 466
467,Debit Card 467,Description for Debit Card 467
468,Personal Loan 468,Description for Personal Loan 468
469,Personal Loan 469,Description for Personal Loan 469
470,Mortgage 470,Description for Mortgage 470
471,Debit Card 471,Description for Debit Card 471
472,Mortgage 472,Description for Mortgage 472
473,Personal Loan 473,Description for Personal Loan 473
474,Auto Loan 474,Description for Auto Loan 474
475,Credit Card 475,Description for Credit Card 475
476,Mortgage 476,Description for Mortgage 476
477,Debit Card 477,Description for Debit Card 477
478,Auto Loan 478,Description for Auto Loan 478
479,Debit Card 479,Description for Debit Card 479
480,Personal Loan 480,Description for Personal Loan 480
481,Auto Loan 481,Description for Auto Loan 481
482,Debit Card 482,Description for Debit Card 482
483,Auto Loan 483,Description for Auto Loan 483
484,Personal Loan 484,Description for Personal Loan 484
485,Mortgage 485,Description for Mortgage 485
486,Credit Card 486,Description for Credit Card 486
487,Debit Card 487,Description for Debit Card 487
488,Auto Loan 488,Description for Auto Loan 488
489,Personal Loan 489,Description for Personal Loan 489
490,Debit Card 490,Description for Debit Card 490
491,Credit Card 491,Description for Credit Card 491
492,Mortgage 492,Description for Mortgage 492
493,Personal Loan 493,Description for Personal Loan 493
494,Personal Loan 494,Description for Personal Loan 494
495,Credit Card 495,Description for Credit Card 495
496,Mortgage 496,Description for Mortgage 496
497,Credit Card 497,Description for Credit Card 497
498,Auto Loan 498,Description for Auto Loan 498
499,Credit Card 499,Description for Credit Card 499
500,Debit Card 500,Description for Debit Card 500
501,Credit Card 501,Description for Credit Card 501
502,Credit Card 502,Description for Credit Card 502
503,Personal Loan 503,Description for Personal Loan 503
504,Debit Card 504,Description for Debit Card 504
505,Personal Loan 505,Description for Personal Loan 505
506,Debit Card 506,Description for Debit Card 506
507,Debit Card 507,Description for Debit Card 507
508,Credit Card 508,Description for Credit Card 508
509,Mortgage 509,Description for Mortgage 509
510,Personal Loan 510,Description for Personal Loan 510
511,Personal Loan 511,Description for Personal Loan 511
512,Personal Loan 512,Description for Personal Loan 512
513,Auto Loan 513,Description for Auto Loan 513
514,Personal Loan 514,Description for Personal Loan 514
515,Personal Loan 515,Description for Personal Loan 515
516,Mortgage 516,Description for Mortgage 516
517,Debit Card 517,Description for Debit Card 517
518,Credit Card 518,Description for Credit Card 518
519,Credit Card 519,Description for Credit Card 519
520,Auto Loan 520,Description for Auto Loan 520
521,Credit Card 521,Description for Credit Card 521
522,Credit Card 522,Description for Credit Card 522
523,Auto Loan 523,Description for Auto Loan 523
524,Personal Loan 524,Description for Personal Loan 524
525,Credit Card 525,Description for Credit Card 525
526,Personal Loan 526,Description for Personal Loan 526
527,Personal Loan 527,Description for Personal Loan 527
528,Auto Loan 528,Description for Auto Loan 528
529,Mortgage 529,Description for Mortgage 529
530,Personal Loan 530,Description for Personal Loan 530
531,Auto Loan 531,Description for Auto Loan 531
532,Personal Loan 532,Description for Personal Loan 532
533,Personal Loan 533,Description for Personal Loan 533
534,Credit Card 534,Description for Credit Card 534
535,Auto Loan 535,Description for Auto Loan 535
536,Debit Card 536,Description for Debit Card 536
537,Personal Loan 537,Description for Personal Loan 537
538,Auto Loan 538,Description for Auto Loan 538
539,Credit Card 539,Description for Credit Card 539
540,Personal Loan 540,Description for Personal Loan 540
541,Credit Card 541,Description for Credit Card 541
542,Debit Card 542,Description for Debit Card 542
543,Debit Card 543,Description for Debit Card 543
544,Credit Card 544,Description for Credit Card 544
545,Mortgage 545,Description for Mortgage 545
546,Personal Loan 546,Description for Personal Loan 546
547,Personal Loan 547,Description for Personal Loan 547
548,Mortgage 548,Description for Mortgage 548
549,Debit Card 549,Description for Debit Card 549
550,Personal Loan 550,Description for Personal Loan 550
551,Debit Card 551,Description for Debit Card 551
552,Personal Loan 552,Description for Personal Loan 552
553,Debit Card 553,Description for Debit Card 553
554,Mortgage 554,Description for Mortgage 554
555,Auto Loan 555,Description for Auto Loan 555
556,Mortgage 556,Description for Mortgage 556
557,Auto Loan 557,Description for Auto Loan 557
558,Credit Card 558,Description for Credit Card 558
559,Credit Card 559,Description for Credit Card 559
560,Auto Loan 560,Description for Auto Loan 560
561,Mortgage 561,Description for Mortgage 561
562,Personal Loan 562,Description for Personal Loan 562
563,Mortgage 563,Description for Mortgage 563
564,Mortgage 564,Description for Mortgage 564
565,Personal Loan 565,Description for Personal Loan 565
566,Debit Card 566,Description for Debit Card 566
567,Credit Card 567,Description for Credit Card 567
568,Mortgage 568,Description for Mortgage 568
569,Personal Loan 569,Description for Personal Loan 569
570,Credit Card 570,Description for Credit Card 570
571,Mortgage 571,Description for Mortgage 571
572,Auto Loan 572,Description for Auto Loan 572
573,Mortgage 573,Description for Mortgage 573
574,Credit Card 574,Description for Credit Card 574
575,Credit Card 575,Description for Credit Card 575
576,Personal Loan 576,Description for Personal Loan 576
577,Debit Card 577,Description for Debit Card 577
578,Mortgage 578,Description for Mortgage 578
579,Mortgage 579,Description for Mortgage 579
580,Auto Loan 580,Description for Auto Loan 580
581,Auto Loan 581,Description for Auto Loan 581
582,Debit Card 582,Description for Debit Card 582
583,Mortgage 583,Description for Mortgage 583
584,Personal Loan 584,Description for Personal Loan 584
585,Auto Loan 585,Description for Auto Loan 585
586,Auto Loan 586,Description for Auto Loan 586
587,Debit Card 587,Description for Debit Card 587
588,Credit Card 588,Description for Credit Card 588
589,Debit Card 589,Description for Debit Card 589
590,Debit Card 590,Description for Debit Card 590
591,Personal Loan 591,Description for Personal Loan 591
592,Mortgage 592,Description for Mortgage 592
593,Auto Loan 593,Description for Auto Loan 593
594,Mortgage 594,Description for Mortgage 594
595,Mortgage 595,Description for Mortgage 595
596,Auto Loan 596,Description for Auto Loan 596
597,Mortgage 597,Description for Mortgage 597
598,Personal Loan 598,Description for Personal Loan 598
599,Debit Card 599,Description for Debit Card 599
600,Credit Card 600,Description for Credit Card 600
601,Debit Card 601,Description for Debit Card 601
602,Personal Loan 602,Description for Personal Loan 602
603,Debit Card 603,Description for Debit Card 603
604,Auto Loan 604,Description for Auto Loan 604
605,Debit Card 605,Description for Debit Card 605
606,Personal Loan 606,Description for Personal Loan 606
607,Mortgage 607,Description for Mortgage 607
608,Auto Loan 608,Description for Auto Loan 608
609,Personal Loan 609,Description for Personal Loan 609
610,Debit Card 610,Description for Debit Card 610
611,Personal Loan 611,Description for Personal Loan 611
612,Credit Card 612,Description for Credit Card 612
613,Debit Card 613,Description for Debit Card 613
614,Credit Card 614,Description for Credit Card 614
615,Auto Loan 615,Description for Auto Loan 615
616,Mortgage 616,Description for Mortgage 616
617,Auto Loan 617,Description for Auto Loan 617
618,Auto Loan 618,Description for Auto Loan 618
619,Auto Loan 619,Description for Auto Loan 619
620,Credit Card 620,Description for Credit Card 620
621,Mortgage 621,Description for Mortgage 621
622,Auto Loan 622,Description for Auto Loan 622
623,Auto Loan 623,Description for Auto Loan 623
624,Personal Loan 624,Description for Personal Loan 624
625,Credit Card 625,Description for Credit Card 625
626,Mortgage 626,Description for Mortgage 626
627,Debit Card 627,Description for Debit Card 627
628,Personal Loan 628,Description for Personal Loan 628
629,Credit Card 629,Description for Credit Card 629
630,Mortgage 630,Description for Mortgage 630
631,Personal Loan 631,Description for Personal Loan 631
632,Mortgage 632,Description for Mortgage 632
633,Credit Card 633,Description for Credit Card 633
634,Personal Loan 634,Description for Personal Loan 634
635,Auto Loan 635,Description for Auto Loan 635
636,Auto Loan 636,Description for Auto Loan 636
637,Debit Card 637,Description for Debit Card 637
638,Debit Card 638,Description for Debit Card 638
639,Auto Loan 639,Description for Auto Loan 639
640,Mortgage 640,Description for Mortgage 640
641,Credit Card 641,Description for Credit Card 641
642,Credit Card 642,Description for Credit Card 642
643,Credit Card 643,Description for Credit Card 643
644,Mortgage 644,Description for Mortgage 644
645,Mortgage 645,Description for Mortgage 645
646,Credit Card 646,Description for Credit Card 646
647,Auto Loan 647,Description for Auto Loan 647
648,Auto Loan 648,Description for Auto Loan 648
649,Debit Card 649,Description for Debit Card 649
650,Debit Card 650,Description for Debit Card 650
651,Mortgage 651,Description for Mortgage 651
652,Auto Loan 652,Description for Auto Loan 652
653,Mortgage 653,Description for Mortgage 653
654,Personal Loan 654,Description for Personal Loan 654
655,Personal Loan 655,Description for Personal Loan 655
656,Auto Loan 656,Description for Auto Loan 656
657,Mortgage 657,Description for Mortgage 657
658,Debit Card 658,Description for Debit Card 658
659,Personal Loan 659,Description for Personal Loan 659
660,Personal Loan 660,Description for Personal Loan 660
661,Credit Card 661,Description for Credit Card 661
662,Personal Loan 662,Description for Personal Loan 662
663,Debit Card 663,Description for Debit Card 663
664,Debit Card 664,Description for Debit Card 664
665,Credit Card 665,Description for Credit Card 665
666,Debit Card 666,Description for Debit Card 666
667,Auto Loan 667,Description for Auto Loan 667
668,Credit Card 668,Description for Credit Card 668
669,Debit Card 669,Description for Debit Card 669
670,Mortgage 670,Description for Mortgage 670
671,Auto Loan 671,Description for Auto Loan 671
672,Debit Card 672,Description for Debit Card 672
673,Mortgage 673,Description for Mortgage 673
674,Debit Card 674,Description for Debit Card 674
675,Credit Card 675,Description for Credit Card 675
676,Auto Loan 676,Description for Auto Loan 676
677,Mortgage 677,Description for Mortgage 677
678,Credit Card 678,Description for Credit Card 678
679,Mortgage 679,Description for Mortgage 679
680,Credit Card 680,Description for Credit Card 680
681,Auto Loan 681,Description for Auto Loan 681
682,Mortgage 682,Description for Mortgage 682
683,Credit Card 683,Description for Credit Card 683
684,Credit Card 684,Description for Credit Card 684
685,Credit Card 685,Description for Credit Card 685
686,Mortgage 686,Description for Mortgage 686
687,Debit Card 687,Description for Debit Card 687
688,Personal Loan 688,Description for Personal Loan 688
689,Mortgage 689,Description for Mortgage 689
690,Debit Card 690,Description for Debit Card 690
691,Mortgage 691,Description for Mortgage 691
692,Mortgage 692,Description for Mortgage 692
693,Debit Card 693,Description for Debit Card 693
694,Debit Card 694,Description for Debit Card 694
695,Personal Loan 695,Description for Personal Loan 695
696,Credit Card 696,Description for Credit Card 696
697,Debit Card 697,Description for Debit Card 697
698,Credit Card 698,Description for Credit Card 698
699,Auto Loan 699,Description for Auto Loan 699
700,Debit Card 700,Description for Debit Card 700
701,Personal Loan 701,Description for Personal Loan 701
702,Personal Loan 702,Description for Personal Loan 702
703,Personal Loan 703,Description for Personal Loan 703
704,Auto Loan 704,Description for Auto Loan 704
705,Personal Loan 705,Description for Personal Loan 705
706,Auto Loan 706,Description for Auto Loan 706
707,Debit Card 707,Description for Debit Card 707
708,Personal Loan 708,Description for Personal Loan 708
709,Debit Card 709,Description for Debit Card 709
710,Mortgage 710,Description for Mortgage 710
711,Debit Card 711,Description for Debit Card 711
712,Auto Loan 712,Description for Auto Loan 712
713,Mortgage 713,Description for Mortgage 713
714,Auto Loan 714,Description for Auto Loan 714
715,Debit Card 715,Description for Debit Card 715
716,Credit Card 716,Description for Credit Card 716
717,Debit Card 717,Description for Debit Card 717
718,Auto Loan 718,Description for Auto Loan 718
719,Personal Loan 719,Description for Personal Loan 719
720,Auto Loan 720,Description for Auto Loan 720
721,Mortgage 721,Description for Mortgage 721
722,Mortgage 722,Description for Mortgage 722
723,Debit Card 723,Description for Debit Card 723
724,Auto Loan 724,Description for Auto Loan 724
725,Credit Card 725,Description for Credit Card 725
726,Debit Card 726,Description for Debit Card 726
727,Mortgage 727,Description for Mortgage 727
728,Credit Card 728,Description for Credit Card 728
729,Credit Card 729,Description for Credit Card 729
730,Credit Card 730,Description for Credit Card 730
731,Personal Loan 731,Description for Personal Loan 731
732,Credit Card 732,Description for Credit Card 732
733,Personal Loan 733,Description for Personal Loan 733
734,Auto Loan 734,Description for Auto Loan 734
735,Auto Loan 735,Description for Auto Loan 735
736,Debit Card 736,Description for Debit Card 736
737,Debit Card 737,Description for Debit Card 737
738,Mortgage 738,Description for Mortgage 738
739,Credit Card 739,Description for Credit Card 739
740,Credit Card 740,Description for Credit Card 740
741,Mortgage 741,Description for Mortgage 741
742,Debit Card 742,Description for Debit Card 742
743,Personal Loan 743,Description for Personal Loan 743
744,Debit Card 744,Description for Debit Card 744
745,Personal Loan 745,Description for Personal Loan 745
746,Auto Loan 746,Description for Auto Loan 746
747,Mortgage 747,Description for Mortgage 747
748,Debit Card 748,Description for Debit Card 748
749,Credit Card 749,Description for Credit Card 749
750,Personal Loan 750,Description for Personal Loan 750
751,Mortgage 751,Description for Mortgage 751
752,Personal Loan 752,Description for Personal Loan 752
753,Auto Loan 753,Description for Auto Loan 753
754,Personal Loan 754,Description for Personal Loan 754
755,Mortgage 755,Description for Mortgage 755
756,Debit Card 756,Description for Debit Card 756
757,Personal Loan 757,Description for Personal Loan 757
758,Credit Card 758,Description for Credit Card 758
759,Mortgage 759,Description for Mortgage 759
760,Mortgage 760,Description for Mortgage 760
761,Debit Card 761,Description for Debit Card 761
762,Mortgage 762,Description for Mortgage 762
763,Mortgage 763,Description for Mortgage 763
764,Debit Card 764,Description for Debit Card 764
765,Personal Loan 765,Description for Personal Loan 765
766,Debit Card 766,Description for Debit Card 766
767,Personal Loan 767,Description for Personal Loan 767
768,Debit Card 768,Description for Debit Card 768
769,Debit Card 769,Description for Debit Card 769
770,Debit Card 770,Description for Debit Card 770
771,Debit Card 771,Description for Debit Card 771
772,Personal Loan 772,Description for Personal Loan 772
773,Personal Loan 773,Description for Personal Loan 773
774,Credit Card 774,Description for Credit Card 774
775,Personal Loan 775,Description for Personal Loan 775
776,Mortgage 776,Description for Mortgage 776
777,Credit Card 777,Description for Credit Card 777
778,Personal Loan 778,Description for Personal Loan 778
779,Credit Card 779,Description for Credit Card 779
780,Mortgage 780,Description for Mortgage 780
781,Credit Card 781,Description for Credit Card 781
782,Debit Card 782,Description for Debit Card 782
783,Personal Loan 783,Description for Personal Loan 783
784,Debit Card 784,Description for Debit Card 784
785,Debit Card 785,Description for Debit Card 785
786,Mortgage 786,Description for Mortgage 786
787,Credit Card 787,Description for Credit Card 787
788,Credit Card 788,Description for Credit Card 788
789,Mortgage 789,Description for Mortgage 789
790,Credit Card 790,Description for Credit Card 790
791,Debit Card 791,Description for Debit Card 791
792,Credit Card 792,Description for Credit Card 792
793,Credit Card 793,Description for Credit Card 793
794,Personal Loan 794,Description for Personal Loan 794
795,Personal Loan 795,Description for Personal Loan 795
796,Debit Card 796,Description for Debit Card 796
797,Personal Loan 797,Description for Personal Loan 797
798,Personal Loan 798,Description for Personal Loan 798
799,Debit Card 799,Description for Debit Card 799
800,Auto Loan 800,Description for Auto Loan 800
801,Debit Card 801,Description for Debit Card 801
802,Credit Card 802,Description for Credit Card 802
803,Personal Loan 803,Description for Personal Loan 803
804,Personal Loan 804,Description for Personal Loan 804
805,Mortgage 805,Description for Mortgage 805
806,Mortgage 806,Description for Mortgage 806
807,Auto Loan 807,Description for Auto Loan 807
808,Mortgage 808,Description for Mortgage 808
809,Debit Card 809,Description for Debit Card 809
810,Debit Card 810,Description for Debit Card 810
811,Credit Card 811,Description for Credit Card 811
812,Mortgage 812,Description for Mortgage 812
813,Auto Loan 813,Description for Auto Loan 813
814,Personal Loan 814,Description for Personal Loan 814
815,Mortgage 815,Description for Mortgage 815
816,Debit Card 816,Description for Debit Card 816
817,Personal Loan 817,Description for Personal Loan 817
818,Auto Loan 818,Description for Auto Loan 818
819,Auto Loan 819,Description for Auto Loan 819
820,Auto Loan 820,Description for Auto Loan 820
821,Auto Loan 821,Description for Auto Loan 821
822,Debit Card 822,Description for Debit Card 822
823,Debit Card 823,Description for Debit Card 823
824,Debit Card 824,Description for Debit Card 824
825,Credit Card 825,Description for Credit Card 825
826,Debit Card 826,Description for Debit Card 826
827,Mortgage 827,Description for Mortgage 827
828,Credit Card 828,Description for Credit Card 828
829,Personal Loan 829,Description for Personal Loan 829
830,Personal Loan 830,Description for Personal Loan 830
831,Debit Card 831,Description for Debit Card 831
832,Personal Loan 832,Description for Personal Loan 832
833,Personal Loan 833,Description for Personal Loan 833
834,Mortgage 834,Description for Mortgage 834
835,Auto Loan 835,Description for Auto Loan 835
836,Credit Card 836,Description for Credit Card 836
837,Auto Loan 837,Description for Auto Loan 837
838,Mortgage 838,Description for Mortgage 838
839,Credit Card 839,Description for Credit Card 839
840,Credit Card 840,Description for Credit Card 840
841,Mortgage 841,Description for Mortgage 841
842,Debit Card 842,Description for Debit Card 842
843,Debit Card 843,Description for Debit Card 843
844,Personal Loan 844,Description for Personal Loan 844
845,Auto Loan 845,Description for Auto Loan 845
846,Auto Loan 846,Description for Auto Loan 846
847,Personal Loan 847,Description for Personal Loan 847
848,Credit Card 848,Description for Credit Card 848
849,Auto Loan 849,Description for Auto Loan 849
850,Debit Card 850,Description for Debit Card 850
851,Personal Loan 851,Description for Personal Loan 851
852,Auto Loan 852,Description for Auto Loan 852
853,Debit Card 853,Description for Debit Card 853
854,Mortgage 854,Description for Mortgage 854
855,Personal Loan 855,Description for Personal Loan 855
856,Auto Loan 856,Description for Auto Loan 856
857,Mortgage 857,Description for Mortgage 857
858,Auto Loan 858,Description for Auto Loan 858
859,Personal Loan 859,Description for Personal Loan 859
860,Credit Card 860,Description for Credit Card 860
861,Debit Card 861,Description for Debit Card 861
862,Credit Card 862,Description for Credit Card 862
863,Personal Loan 863,Description for Personal Loan 863
864,Personal Loan 864,Description for Personal Loan 864
865,Credit Card 865,Description for Credit Card 865
866,Mortgage 866,Description for Mortgage 866
867,Credit Card 867,Description for Credit Card 867
868,Debit Card 868,Description for Debit Card 868
869,Debit Card 869,Description for Debit Card 869
870,Mortgage 870,Description for Mortgage 870
871,Debit Card 871,Description for Debit Card 871
872,Mortgage 872,Description for Mortgage 872
873,Personal Loan 873,Description for Personal Loan 873
874,Credit Card 874,Description for Credit Card 874
875,Auto Loan 875,Description for Auto Loan 875
876,Credit Card 876,Description for Credit Card 876
877,Auto Loan 877,Description for Auto Loan 877
878,Mortgage 878,Description for Mortgage 878
879,Credit Card 879,Description for Credit Card 879
880,Debit Card 880,Description for Debit Card 880
881,Debit Card 881,Description for Debit Card 881
882,Mortgage 882,Description for Mortgage 882
883,Personal Loan 883,Description for Personal Loan 883
884,Auto Loan 884,Description for Auto Loan 884
885,Debit Card 885,Description for Debit Card 885
886,Personal Loan 886,Description for Personal Loan 886
887,Debit Card 887,Description for Debit Card 887
888,Auto Loan 888,Description for Auto Loan 888
889,Credit Card 889,Description for Credit Card 889
890,Personal Loan 890,Description for Personal Loan 890
891,Mortgage 891,Description for Mortgage 891
892,Credit Card 892,Description for Credit Card 892
893,Personal Loan 893,Description for Personal Loan 893
894,Auto Loan 894,Description for Auto Loan 894
895,Debit Card 895,Description for Debit Card 895
896,Auto Loan 896,Description for Auto Loan 896
897,Personal Loan 897,Description for Personal Loan 897
898,Credit Card 898,Description for Credit Card 898
899,Personal Loan 899,Description for Personal Loan 899
900,Credit Card 900,Description for Credit Card 900
901,Auto Loan 901,Description for Auto Loan 901
902,Debit Card 902,Description for Debit Card 902
903,Credit Card 903,Description for Credit Card 903
904,Auto Loan 904,Description for Auto Loan 904
905,Auto Loan 905,Description for Auto Loan 905
906,Auto Loan 906,Description for Auto Loan 906
907,Credit Card 907,Description for Credit Card 907
908,Credit Card 908,Description for Credit Card 908
909,Mortgage 909,Description for Mortgage 909
910,Debit Card 910,Description for Debit Card 910
911,Personal Loan 911,Description for Personal Loan 911
912,Personal Loan 912,Description for Personal Loan 912
913,Personal Loan 913,Description for Personal Loan 913
914,Auto Loan 914,Description for Auto Loan 914
915,Debit Card 915,Description for Debit Card 915
916,Mortgage 916,Description for Mortgage 916
917,Debit Card 917,Description for Debit Card 917
918,Mortgage 918,Description for Mortgage 918
919,Credit Card 919,Description for Credit Card 919
920,Mortgage 920,Description for Mortgage 920
921,Auto Loan 921,Description for Auto Loan 921
922,Mortgage 922,Description for Mortgage 922
923,Personal Loan 923,Description for Personal Loan 923
924,Mortgage 924,Description for Mortgage 924
925,Auto Loan 925,Description for Auto Loan 925
926,Mortgage 926,Description for Mortgage 926
927,Credit Card 927,Description for Credit Card 927
928,Auto Loan 928,Description for Auto Loan 928
929,Personal Loan 929,Description for Personal Loan 929
930,Personal Loan 930,Description for Personal Loan 930
931,Credit Card 931,Description for Credit Card 931
932,Personal Loan 932,Description for Personal Loan 932
933,Credit Card 933,Description for Credit Card 933
934,Credit Card 934,Description for Credit Card 934
935,Auto Loan 935,Description for Auto Loan 935
936,Personal Loan 936,Description for Personal Loan 936
937,Debit Card 937,Description for Debit Card 937
938,Mortgage 938,Description for Mortgage 938
939,Credit Card 939,Description for Credit Card 939
940,Mortgage 940,Description for Mortgage 940
941,Credit Card 941,Description for Credit Card 941
942,Mortgage 942,Description for Mortgage 942
943,Personal Loan 943,Description for Personal Loan 943
944,Mortgage 944,Description for Mortgage 944
945,Mortgage 945,Description for Mortgage 945
946,Auto Loan 946,Description for Auto Loan 946
947,Mortgage 947,Description for Mortgage 947
948,Credit Card 948,Description for Credit Card 948
949,Credit Card 949,Description for Credit Card 949
950,Credit Card 950,Description for Credit Card 950
951,Debit Card 951,Description for Debit Card 951
952,Personal Loan 952,Description for Personal Loan 952
953,Mortgage 953,Description for Mortgage 953
954,Personal Loan 954,Description for Personal Loan 954
955,Credit Card 955,Description for Credit Card 955
956,Auto Loan 956,Description for Auto Loan 956
957,Auto Loan 957,Description for Auto Loan 957
958,Mortgage 958,Description for Mortgage 958
959,Auto Loan 959,Description for Auto Loan 959
960,Mortgage 960,Description for Mortgage 960
961,Credit Card 961,Description for Credit Card 961
962,Credit Card 962,Description for Credit Card 962
963,Credit Card 963,Description for Credit Card 963
964,Mortgage 964,Description for Mortgage 964
965,Credit Card 965,Description for Credit Card 965
966,Mortgage 966,Description for Mortgage 966
967,Auto Loan 967,Description for Auto Loan 967
968,Debit Card 968,Description for Debit Card 968
969,Auto Loan 969,Description for Auto Loan 969
970,Credit Card 970,Description for Credit Card 970
971,Auto Loan 971,Description for Auto Loan 971
972,Mortgage 972,Description for Mortgage 972
973,Mortgage 973,Description for Mortgage 973
974,Debit Card 974,Description for Debit Card 974
975,Mortgage 975,Description for Mortgage 975
976,Auto Loan 976,Description for Auto Loan 976
977,Auto Loan 977,Description for Auto Loan 977
978,Debit Card 978,Description for Debit Card 978
979,Personal Loan 979,Description for Personal Loan 979
980,Mortgage 980,Description for Mortgage 980
981,Personal Loan 981,Description for Personal Loan 981
982,Mortgage 982,Description for Mortgage 982
983,Personal Loan 983,Description for Personal Loan 983
984,Credit Card 984,Description for Credit Card 984
985,Personal Loan 985,Description for Personal Loan 985
986,Mortgage 986,Description for Mortgage 986
987,Debit Card 987,Description for Debit Card 987
988,Debit Card 988,Description for Debit Card 988
989,Mortgage 989,Description for Mortgage 989
990,Mortgage 990,Description for Mortgage 990
991,Credit Card 991,Description for Credit Card 991
992,Debit Card 992,Description for Debit Card 992
993,Auto Loan 993,Description for Auto Loan 993
994,Personal Loan 994,Description for Personal Loan 994
995,Personal Loan 995,Description for Personal Loan 995
996,Mortgage 996,Description for Mortgage 996
997,Auto Loan 997,Description for Auto Loan 997
998,Personal Loan 998,Description for Personal Loan 998
999,Credit Card 999,Description for Credit Card 999
1000,Credit Card 1000,Description for Credit Card 1000
